photo_id,views,comments,tags_raw,tags,photo_link
1102035914,211,29,"Florida,Gull,Laughing Gull,birdwatching,birding,bird,beach,canon,honeymoonislandstatepark,honeymoonisland,nature,geotag,SuperShot,BlueRibbonWinner,WORLDBEST,ABigFave,Fred McKee","florida,gull,laughinggull,birdwatching,birding,bird,beach,canon,honeymoonislandstatepark,honeymoonisland,nature,geotag,supershot,blueribbonwinner,worldbest,abigfave,fredmckee",http://www.flickr.com/photos/darbyandme/1102035914/
362527046,31,0,"Maranello,Italia,Italy,Ferrari,carro,car,auto,F1,museum,museu,galeria,galery","maranello,italia,italy,ferrari,carro,car,auto,f1,museum,museu,galeria,galery",http://www.flickr.com/photos/renata_e_guilherme/362527046/
1916151750,58,0,"airplanes,museum,fighters,flight,planes,warplanes,bombers,air,force,spyplane,supersonic,jet,Lockheed,skunkworks,Kelly Johnson,speed,mach 3","airplanes,museum,fighters,flight,planes,warplanes,bombers,air,force,spyplane,supersonic,jet,lockheed,skunkworks,kellyjohnson,speed,mach3",http://www.flickr.com/photos/williamh/1916151750/
1108183239,70,0,"ave,aves,avifauna,bird,birds,birdwatching,Figueira da Foz,flamingo,flamingos,Phoenicopterus ruber,Portugal,salinas,wildbirds,wildlife,geo:lat=40.137334,geo:lon=-8.835261,geotagged","ave,aves,avifauna,bird,birds,birdwatching,figueiradafoz,flamingo,flamingos,phoenicopterusruber,portugal,salinas,wildbirds,wildlife,geo:lat=40137334,geo:lon=8835261,geotagged",http://www.flickr.com/photos/jvverde/1108183239/
1140568206,312,8,"Suomi,Finlandia,Finland,Porvoo,train,railway,museum,kolej,pociąg,locomotive,steam,engine,lokomotywa,parowóz,Kytutr,Fuji Provia 100F,landscape,Tk3-1168,1520mm","suomi,finlandia,finland,porvoo,train,railway,museum,kolej,pociąg,locomotive,steam,engine,lokomotywa,parowóz,kytutr,fujiprovia100f,landscape,tk31168,1520mm",http://www.flickr.com/photos/kytutr/1140568206/
323968220,211,1,"Germany,Engeineering,Stuttgart,Mercedes Benz,Museum,Cars,automotive,Traffic,dusk,night,mawa_73527,100views,111views","germany,engeineering,stuttgart,mercedesbenz,museum,cars,automotive,traffic,dusk,night,mawa73527,100views,111views",http://www.flickr.com/photos/mawas/323968220/
1010131053,516,17,"Yellow-Crowned Gonolek,avifauna,bird,birds,ave,aves,gâmbia,The Gambia,isidro,birdwatch,Laniarius barbarus,wildlife,wildbirds,gambia,natureza,birdwatching,NaturesFinest,AvianExcellence,ColorPhotoAward,nature","yellowcrownedgonolek,avifauna,bird,birds,ave,aves,gâmbia,thegambia,isidro,birdwatch,laniariusbarbarus,wildlife,wildbirds,gambia,natureza,birdwatching,naturesfinest,avianexcellence,colorphotoaward,nature",http://www.flickr.com/photos/jvverde/1010131053/
339354877,48,1,"poodle,standard poodle,beach,coast,San Francisco,Fort Funston,bluff,cliff,California,offleash","poodle,standardpoodle,beach,coast,sanfrancisco,fortfunston,bluff,cliff,california,offleash",http://www.flickr.com/photos/kt_layla/339354877/
105288359,9920,69,"trains,railroads,la fox,kane,illinois,union pacific,railway,locomotive,tracks,equipment,machinery,road trip,february,2006,technology,industry,business,landscape,scenery,f/v5,heavy metal,creamofthecrop,mostinteresting,interestingness470,rail,freight train,freight,q5,big,loud,noisy,commerce,industrial,power,powerful,mighty,might,sublime,majestic,armour yellow,yellow,sharp,focus,blurry,blur,transportation,engine,rails,up,rural,country,countryside,v100,f5,f10,v500,v1000,f3,lafoxuptrains,f20,v2000,projecttrainfromeachstate,v200,v5000,explored,oddprint,batblog,g1,diesel,f50,g4,f100,©jimfrazier.com,jfpblog","trains,railroads,lafox,kane,illinois,unionpacific,railway,locomotive,tracks,equipment,machinery,roadtrip,february,2006,technology,industry,business,landscape,scenery,fv5,heavymetal,creamofthecrop,mostinteresting,interestingness470,rail,freighttrain,freight,q5,big,loud,noisy,commerce,industrial,power,powerful,mighty,might,sublime,majestic,armouryellow,yellow,sharp,focus,blurry,blur,transportation,engine,rails,up,rural,country,countryside,v100,f5,f10,v500,v1000,f3,lafoxuptrains,f20,v2000,projecttrainfromeachstate,v200,v5000,explored,oddprint,batblog,g1,diesel,f50,g4,f100,©jimfraziercom,jfpblog",http://www.flickr.com/photos/jimfrazier/105288359/
196714721,89,0,"New,York,City,Metropolitan,Museum,Art,Met,Rooftop,Garden,pigeons,Cai,Quo,Qiang's,Transparent,Monument","new,york,city,metropolitan,museum,art,met,rooftop,garden,pigeons,cai,quo,qiangs,transparent,monument",http://www.flickr.com/photos/valkyrieh116/196714721/
2741461486,80,0,"Oslo,Norwegen,Norway,Sommer,Wasser,Fjord,Oslofjord,water,blue,harbor,port,Hafen,ships,boats,jul-08,Stadtrundfahrt,sightseeing,Fram,Museum,polar,expedition,Fridtjof,Nansen,Otto,Sverdrup,Roald,Amundsen","oslo,norwegen,norway,sommer,wasser,fjord,oslofjord,water,blue,harbor,port,hafen,ships,boats,jul08,stadtrundfahrt,sightseeing,fram,museum,polar,expedition,fridtjof,nansen,otto,sverdrup,roald,amundsen",http://www.flickr.com/photos/7984880@N07/2741461486/
280556864,95,0,"SPB,russia,rusland,St petersburg,St Petersbourg,SPB.RU,russland,train,trein,museum,geotagged,geo:lat=59.904951,geo:lon=30.308361,city,saintpetersburg,Санкт-Петербу́рг,Музей Железнодорожной Техники,Музей,Железнодорожной,Техники","spb,russia,rusland,stpetersburg,stpetersbourg,spbru,russland,train,trein,museum,geotagged,geo:lat=59904951,geo:lon=30308361,city,saintpetersburg,санктпетербу́рг,музейжелезнодорожнойтехники,музей,железнодорожной,техники",http://www.flickr.com/photos/goya/280556864/
1114643352,663,2,"school,bus,canada,quebec,tadoussac,landscape,forest,yellow,green,tree,olympus,C8080,olympus C8080,wallpaper,Sacré-coeur,pictures","school,bus,canada,quebec,tadoussac,landscape,forest,yellow,green,tree,olympus,c8080,olympusc8080,wallpaper,sacrécoeur,pictures",http://www.flickr.com/photos/cedric_foll/1114643352/
2546272779,765,2,"autobus,autobuses,autocarro,bus,busscar,buses,bussen,coach,coaches,express,expresso,jumbuss,onibus,scania,shuttle,shuttles,travel,travelling,viagem,viajando","autobus,autobuses,autocarro,bus,busscar,buses,bussen,coach,coaches,express,expresso,jumbuss,onibus,scania,shuttle,shuttles,travel,travelling,viagem,viajando",http://www.flickr.com/photos/novaneiabus/2546272779/
2577855867,770,2,"Georgetown,Guyana,Delta Air Lines,travel,world travel,South America,Latin America,CHEDDI,JAGAN,CHEDDI JAGAN,Cheddi Jagan International Airport,N652DL,757,757-232,Boeing,Chris,pilot,co-pilot,first officer,geotagged,geotag","georgetown,guyana,deltaairlines,travel,worldtravel,southamerica,latinamerica,cheddi,jagan,cheddijagan,cheddijaganinternationalairport,n652dl,757,757232,boeing,chris,pilot,copilot,firstofficer,geotagged,geotag",http://www.flickr.com/photos/flyingsig/2577855867/
2475622670,24,0,"animal,ferme,farm,campagne,country,vache,cow,veau,green,nature,herbe,vert,veal,cute,love,amour,mignon,tendre,tender,diyann","animal,ferme,farm,campagne,country,vache,cow,veau,green,nature,herbe,vert,veal,cute,love,amour,mignon,tendre,tender,diyann",http://www.flickr.com/photos/diyann/2475622670/
2646661276,72,9,"palawan,honda bay,F.U.N.,World Trekker,Boat,Beach,summer,travel,tour,vacation","palawan,hondabay,fun,worldtrekker,boat,beach,summer,travel,tour,vacation",http://www.flickr.com/photos/bolens/2646661276/
2357505501,33,6,"wildlife,pretoria,rietvleinaturereserve,rietvlei,southafrica,naturesfinest,interestingness,gauteng,flickrfrank2,flickrfrank1,canoneos400d,aplusphoto,bird,170-500mmsigmalens,impressedbeauty","wildlife,pretoria,rietvleinaturereserve,rietvlei,southafrica,naturesfinest,interestingness,gauteng,flickrfrank2,flickrfrank1,canoneos400d,aplusphoto,bird,170500mmsigmalens,impressedbeauty",http://www.flickr.com/photos/8424342@N04/2357505501/
1021607919,75,0,"Maui,Hawaii,www98percentphotographycom,wainapanapa,wahine,tiki,surf,shaka,photography,ohana,ocean,mountain,marina,makenna,lavafield,lahaina,kaenae,kahului,kanaha,kihei,hookipa,iaovalley,hula,hiking,hana,haleakalahwy,haleakala,flower,camping,bluefalls,beach,aloha,ahuihou","maui,hawaii,www98percentphotographycom,wainapanapa,wahine,tiki,surf,shaka,photography,ohana,ocean,mountain,marina,makenna,lavafield,lahaina,kaenae,kahului,kanaha,kihei,hookipa,iaovalley,hula,hiking,hana,haleakalahwy,haleakala,flower,camping,bluefalls,beach,aloha,ahuihou",http://www.flickr.com/photos/11014081@N04/1021607919/
1064140078,154,2,"glasson dock,marina,yacht,boat,sea,coast,water,sailing,lancashire,uk,england,sky,clouds,landscape,beach,bayphotographic,morecambe,lancaster","glassondock,marina,yacht,boat,sea,coast,water,sailing,lancashire,uk,england,sky,clouds,landscape,beach,bayphotographic,morecambe,lancaster",http://www.flickr.com/photos/bayphotographic/1064140078/
53541426,89,0,"eastofnorth,findleastinteresting,canon,sd20,digital,car,honda,civic,reflection,focus,sunset,forest,nature,object","eastofnorth,findleastinteresting,canon,sd20,digital,car,honda,civic,reflection,focus,sunset,forest,nature,object",http://www.flickr.com/photos/eastofnorth/53541426/
2379526447,202,37,"tarazona,Paisaje,Landscape,Moncayo,Carretera,Oveja,Sheep,lost,perdida,photomatix,nikon,d200,ImpressedBeauty,GoldDragon,ABigFave,GoldStarAward,mywinners,AnAwesomeShot","tarazona,paisaje,landscape,moncayo,carretera,oveja,sheep,lost,perdida,photomatix,nikon,d200,impressedbeauty,golddragon,abigfave,goldstaraward,mywinners,anawesomeshot",http://www.flickr.com/photos/25533361@N00/2379526447/
1021599269,80,0,"Maui,Hawaii,www98percentphotographycom,wainapanapa,wahine,tiki,surf,shaka,photography,ohana,ocean,mountain,marina,makenna,lavafield,lahaina,kaenae,kahului,kanaha,kihei,hookipa,iaovalley,hula,hiking,hana,haleakalahwy,haleakala,flower,camping,bluefalls,beach,aloha,ahuihou","maui,hawaii,www98percentphotographycom,wainapanapa,wahine,tiki,surf,shaka,photography,ohana,ocean,mountain,marina,makenna,lavafield,lahaina,kaenae,kahului,kanaha,kihei,hookipa,iaovalley,hula,hiking,hana,haleakalahwy,haleakala,flower,camping,bluefalls,beach,aloha,ahuihou",http://www.flickr.com/photos/11014081@N04/1021599269/
2686451711,44,3,"locomotive,train,steam,steam engine,vacation,travel,Project 365,Flickr Golf Club,retired,69/365,Virginia City,Nevada,gold country,Carson City","locomotive,train,steam,steamengine,vacation,travel,project365,flickrgolfclub,retired,69365,virginiacity,nevada,goldcountry,carsoncity",http://www.flickr.com/photos/rving_gal/2686451711/
110855616,22,0,"Cape Town,Table Mountain,South Africa,Nature","capetown,tablemountain,southafrica,nature",http://www.flickr.com/photos/rufous_73/110855616/
338591296,931,8,"aeroplane,aerospace,air,aircraft,airline,airliner,airplane,airport,airways,arrival,aviation,ba,background,bae,bajor,birdlike,blur,blurry,britain,british,business,city,commercial,commuter,docklands,eglc,england,fast,flight,fly,flying,greatbritain,gregory,jet,landing,lcy,local,london,londoncityairport,motion,move,movement,moving,movingdown,nose,plane,regional,silvertown,speed,transportation,travel,uk,unitedkingdom,Greg Bajor","aeroplane,aerospace,air,aircraft,airline,airliner,airplane,airport,airways,arrival,aviation,ba,background,bae,bajor,birdlike,blur,blurry,britain,british,business,city,commercial,commuter,docklands,eglc,england,fast,flight,fly,flying,greatbritain,gregory,jet,landing,lcy,local,london,londoncityairport,motion,move,movement,moving,movingdown,nose,plane,regional,silvertown,speed,transportation,travel,uk,unitedkingdom,gregbajor",http://www.flickr.com/photos/birdlike/338591296/
966038744,13,3,"Illinois,railway,museum","illinois,railway,museum",http://www.flickr.com/photos/bluebird218/966038744/
2322583904,369,3,"Ελλαδα,wine,wein,Essen,trinken,cap,KTM,Bernhard Egger,photo egger,Egger,Images,Europa,Europe,Peloponnes,peloponnese,Amstel,Amstel Beer,Griechenland,Greece,Messinia,Finikounda,motorcycle,holidays,Motorradurlaub,Peloponnisos,Motorcycle tours,Grece,Grecja,podrozowanie motocyklem,podrozowanie w Europie,Peloponissos,Hellas,Ellada,griekenland,ellas,Travel,Reizen,Travelling,Reisen,Urlaub,Grecia,Ελληνικά,Passion,Motorradurlaub Griechenland,motorcycle holidays,Tourismus,tourism,Trip,Tour,emotions,Ferien,Südeuropa,Motocicletta,mototourism,bikerlife,biker,motorbike,aegean,greek,european,eu-moto,eu-moto greece,mediterranean,Мотоциклы,5PhotosaDay,バイク,eu-moto-mc,車,Leidenschaft,摩托車,байкеры,Ελληνες,Φωτογράφοι,Мотоциклы и байкеры,Πελοπόννησος","ελλαδα,wine,wein,essen,trinken,cap,ktm,bernhardegger,photoegger,egger,images,europa,europe,peloponnes,peloponnese,amstel,amstelbeer,griechenland,greece,messinia,finikounda,motorcycle,holidays,motorradurlaub,peloponnisos,motorcycletours,grece,grecja,podrozowaniemotocyklem,podrozowanieweuropie,peloponissos,hellas,ellada,griekenland,ellas,travel,reizen,travelling,reisen,urlaub,grecia,ελληνικά,passion,motorradurlaubgriechenland,motorcycleholidays,tourismus,tourism,trip,tour,emotions,ferien,südeuropa,motocicletta,mototourism,bikerlife,biker,motorbike,aegean,greek,european,eumoto,eumotogreece,mediterranean,мотоциклы,5photosaday,バイク,eumotomc,車,leidenschaft,摩托車,байкеры,ελληνεσ,φωτογράφοι,мотоциклыибайкеры,πελοπόννησοσ",http://www.flickr.com/photos/-eu/2322583904/
1083876674,96,0,"1990,90th Anniversary,Amberley,bus,Chalk Pits,Dennis,Duple,Eastbourne Buses,G84FJK,Javelin,museum,omnibus,Service 27,Southdown,Sussex,West Sussex","1990,90thanniversary,amberley,bus,chalkpits,dennis,duple,eastbournebuses,g84fjk,javelin,museum,omnibus,service27,southdown,sussex,westsussex",http://www.flickr.com/photos/boxley/1083876674/
102865692,81,1,"seagulls,birds,winter,Paris,travel photography,travel,pool,Tuilleries,cold,geotagged,Sony,DSC-P93,Black-headed gull,beak,snow,seagull,swimming,avian","seagulls,birds,winter,paris,travelphotography,travel,pool,tuilleries,cold,geotagged,sony,dscp93,blackheadedgull,beak,snow,seagull,swimming,avian",http://www.flickr.com/photos/thatotherguy/102865692/
2640005258,34,0,"tourism,verre landen,India,Image India,2007 November,reizen,Reisen,travel,journey,Orissa,deelstaat,federal state,Dietmut","tourism,verrelanden,india,imageindia,2007november,reizen,reisen,travel,journey,orissa,deelstaat,federalstate,dietmut",http://www.flickr.com/photos/reisgekki/2640005258/
328801051,73,0,"monterey,1surfway,home,apartment,beach,california","monterey,1surfway,home,apartment,beach,california",http://www.flickr.com/photos/danandkati/328801051/
466071417,39,0,"canon,350D,Northern Ireland,bottle,evening,sunset,beach,rock,pebble","canon,350d,northernireland,bottle,evening,sunset,beach,rock,pebble",http://www.flickr.com/photos/jcspace/466071417/
1700345561,6,0,"flamingo,water,pool,lake,reflection,sanfransiscozoo,zoo,wildlife,nature,natural,naturalbehaviour,leaves,leaf,bird,animals,animal","flamingo,water,pool,lake,reflection,sanfransiscozoo,zoo,wildlife,nature,natural,naturalbehaviour,leaves,leaf,bird,animals,animal",http://www.flickr.com/photos/15746299@N03/1700345561/
1489280234,153,2,"chicken,hen,rooster,cockrel,chick,pekin,bantam,pet,poultry,bird,slide,garden,pets,birds,feathered,fowl,chickens,cock,cockerel,roo,redblack,catchycolors,catchycolorsred,red,green,yellow,black,breed,breeding,henhouse,bantams,feather,flock,eggs,raising,nature,natural,free,range,backyard,back,urban,home,Volaille,poulet,poulets,oiseau,oiseaux,jardin,arrière-cour,poulailler,coq nain,coqs nains,robinet,poule,coq,Aves de corral,pollo,pollos,pájaro,pájaros,jardín,patio trasero,gallinero,gallo,gallos,martillo,gallina","chicken,hen,rooster,cockrel,chick,pekin,bantam,pet,poultry,bird,slide,garden,pets,birds,feathered,fowl,chickens,cock,cockerel,roo,redblack,catchycolors,catchycolorsred,red,green,yellow,black,breed,breeding,henhouse,bantams,feather,flock,eggs,raising,nature,natural,free,range,backyard,back,urban,home,volaille,poulet,poulets,oiseau,oiseaux,jardin,arrièrecour,poulailler,coqnain,coqsnains,robinet,poule,coq,avesdecorral,pollo,pollos,pájaro,pájaros,jardín,patiotrasero,gallinero,gallo,gallos,martillo,gallina",http://www.flickr.com/photos/drslippers/1489280234/
635287192,151,4,"Europe,Brig,MGB,snow,summer,Switzerland,Schweiz,Valais,Wallis,train,train station,transportation,narrow gauge,bahn,mrgniqq,Sveits,interrail,Europa,bahnhof,zug,ferrovia,railway,railways,travel,station,eisenbahn,schmalspur","europe,brig,mgb,snow,summer,switzerland,schweiz,valais,wallis,train,trainstation,transportation,narrowgauge,bahn,mrgniqq,sveits,interrail,europa,bahnhof,zug,ferrovia,railway,railways,travel,station,eisenbahn,schmalspur",http://www.flickr.com/photos/mrgniqq/635287192/
116081260,1269,16,"Garça Cinzenta,Grey Heron,garça,ardea cinerea,gaia,portugal,avesemportugal,birdsinportugal,bird,ave,aves,birds,silhueta,silhouette,eps1,votada con eps,estuário do douro,isidro,Birds in Flight,Aves em voo,voo,em voo,in flight,pássaros,asas,asas abertas,PÁSSARO,avifauna,wildbirds,wildanimals,i love nature,natureza,nature,vida selvagem,vida ao ar livre,wildlife photography,wildlife europe,wildlife portugal,garças,heron,herons,5+fav,wildbird,aves em liberdade,i love birds,wildlife,animals,lixo,lixo2,birdwatching,pájaro,vogel,uccello,pták,lind,madár,foigl,putns,ptak,ptica,vták,zog,kuş,oiseau,madárvilág,faunë,ناحيه,kimbirō,voël,shpend,paxaro,páxaru,jamach'i,quş,txori,usèl,ozel,labous,lapous,evn,cìaddu,ocell,edhen,fugl,osî,ozî,birdo,fuglur,manumanu,lintu,pikulài,guyra,have,pacharo,pasharo,pasaro,inyoni,куш,vicel,avis,auxelu,voegel,ndeke,paukštis,usel,pasula,vorona,burung,għasfur,ushag,aotea,manu,üñüm,entaritiki,aucèl,όρνις,osel,uacidd,ਪੰਛੀ,p'isku,phichiw,pasăre,utschè,loddi,puzone,pilloni,cedda,eun,nonyane,shiri,í-nyoni,shimbir,manuk,ndege,ibon,паранда,koş,гуш,птах,pardal,oselo,vucidd',moutchon,oûhê,mohon,edn,picc,intaka,öxello,pena,penas,voa,bico,asa,feather,penna,piuma,pluma,plume,Feder,veer,pluim,լժն,pèna,pluenn,pinna d'aggiellu,ploma,fjer,plumo,sulka ; höyhen,veder,guyrarague,rague,נוצה,पंख,bulu,cleite,pichuñ,olkalamu,pána,fjær,πτερόν,pióro,pen,huru huru,pană,पक्षः,lofofa,Fjäder,йелек,pluen,usiba,faka iintsiba,uluphaphe,ulusiba,wing,aile,Flügel,крыло,جناح,vlerk,krah,ch'iqa,قاناد,askell,scilla,křídlo,vinge,vleugel,zwaard,flugilo,tiib,siipi,ale,cancela,entrada,φτερό,pepo,כנף,szárny,àa,sparnas,elatra,sayap,müpü,enaipukoi,patsae,scella,àea,بال,skrzydło,raphara,karā,eli,soadji,पक्ष,sgiath,крило,lofuka,àla,krídelko,ubawa,asgell,laafe,volo,vuelo,vol,Flug,航班,hegaldi,vôo,flyvning,vlucht,flugo,flugado,lento,perere,penerbangan,eitilt,lidojums,skrydis,flyging,lot,przelot,vòl,zbor,डयनं,phofo,let,flyget,uçuş,hedfan,ehedeg,ukusaba,ukundiza","garçacinzenta,greyheron,garça,ardeacinerea,gaia,portugal,avesemportugal,birdsinportugal,bird,ave,aves,birds,silhueta,silhouette,eps1,votadaconeps,estuáriododouro,isidro,birdsinflight,avesemvoo,voo,emvoo,inflight,pássaros,asas,asasabertas,pássaro,avifauna,wildbirds,wildanimals,ilovenature,natureza,nature,vidaselvagem,vidaaoarlivre,wildlifephotography,wildlifeeurope,wildlifeportugal,garças,heron,herons,5fav,wildbird,avesemliberdade,ilovebirds,wildlife,animals,lixo,lixo2,birdwatching,pájaro,vogel,uccello,pták,lind,madár,foigl,putns,ptak,ptica,vták,zog,kuş,oiseau,madárvilág,faunë,ناحيه,kimbirō,voël,shpend,paxaro,páxaru,jamachi,quş,txori,usèl,ozel,labous,lapous,evn,cìaddu,ocell,edhen,fugl,osî,ozî,birdo,fuglur,manumanu,lintu,pikulài,guyra,have,pacharo,pasharo,pasaro,inyoni,куш,vicel,avis,auxelu,voegel,ndeke,paukštis,usel,pasula,vorona,burung,għasfur,ushag,aotea,manu,üñüm,entaritiki,aucèl,όρνισ,osel,uacidd,ਪੰਛੀ,pisku,phichiw,pasăre,utschè,loddi,puzone,pilloni,cedda,eun,nonyane,shiri,ínyoni,shimbir,manuk,ndege,ibon,паранда,koş,гуш,птах,pardal,oselo,vucidd,moutchon,oûhê,mohon,edn,picc,intaka,öxello,pena,penas,voa,bico,asa,feather,penna,piuma,pluma,plume,feder,veer,pluim,լժն,pèna,pluenn,pinnadaggiellu,ploma,fjer,plumo,sulkahöyhen,veder,guyrarague,rague,נוצה,पंख,bulu,cleite,pichuñ,olkalamu,pána,fjær,πτερόν,pióro,pen,huruhuru,pană,पक्षः,lofofa,fjäder,йелек,pluen,usiba,fakaiintsiba,uluphaphe,ulusiba,wing,aile,flügel,крыло,جناح,vlerk,krah,chiqa,قاناد,askell,scilla,křídlo,vinge,vleugel,zwaard,flugilo,tiib,siipi,ale,cancela,entrada,φτερό,pepo,כנף,szárny,àa,sparnas,elatra,sayap,müpü,enaipukoi,patsae,scella,àea,بال,skrzydło,raphara,karā,eli,soadji,पक्ष,sgiath,крило,lofuka,àla,krídelko,ubawa,asgell,laafe,volo,vuelo,vol,flug,航班,hegaldi,vôo,flyvning,vlucht,flugo,flugado,lento,perere,penerbangan,eitilt,lidojums,skrydis,flyging,lot,przelot,vòl,zbor,डयनं,phofo,let,flyget,uçuş,hedfan,ehedeg,ukusaba,ukundiza",http://www.flickr.com/photos/jvverde/116081260/
119396239,152,0,"thailand,travel","thailand,travel",http://www.flickr.com/photos/saravk/119396239/
2529826029,270,0,"TZ3,Lumix,Panasonic TZ3,Panasonic Lumix,DMC-TZ3,Panasonic DMC-TZ3,Edinburgh,Airport,Edinburgh Airport,Turnhouse,EDI,EGPH,Terminal,Runway,Travel,Flying,Passengers,Check-In,Gates,Departure Gates,Aeroplane,Airplane,Aircraft,Airliners,British Aerospoace,BAe146,Avro,Avro RJ,Avro 100,Avro 200,Avro 300,Regional Jets,Jet,Turbofan,Taxi,Taxiing","tz3,lumix,panasonictz3,panasoniclumix,dmctz3,panasonicdmctz3,edinburgh,airport,edinburghairport,turnhouse,edi,egph,terminal,runway,travel,flying,passengers,checkin,gates,departuregates,aeroplane,airplane,aircraft,airliners,britishaerospoace,bae146,avro,avrorj,avro100,avro200,avro300,regionaljets,jet,turbofan,taxi,taxiing",http://www.flickr.com/photos/peteredin/2529826029/
3013332855,146,1,"photo,Schleissheim,Germany,Flugwerft,airfield,Deutsches Museum,Air and Space,museum,aviation,aviation museum,Fokker D VII,Fokker,biplane,airplane,plane,prop,Bavaria,Oberschleissheim,Bavaria2008","photo,schleissheim,germany,flugwerft,airfield,deutschesmuseum,airandspace,museum,aviation,aviationmuseum,fokkerdvii,fokker,biplane,airplane,plane,prop,bavaria,oberschleissheim,bavaria2008",http://www.flickr.com/photos/jassy-50/3013332855/
100243352,172,5,"Zoo,birds,s45,canon,powershot,nature,ilovenature,zoomspook","zoo,birds,s45,canon,powershot,nature,ilovenature,zoomspook",http://www.flickr.com/photos/zoomspook/100243352/
1135037958,54,0,"Toronto,Lester,B.,pearson,International,Airport,Ontario,Canada,airplane,airplanes,aeroplane,aeroplanes,plane,spotting,travel,travelling,departure,arrival,take,off,landing,land,runway,jet,planes,holiday,holidays,fun,summer,Air,Jazz,Canadair,CL-600-2B19,Regional,CRJ-200ER,registration,C-GJZL,bombardier,CRJ200,ER,Extended,Range","toronto,lester,b,pearson,international,airport,ontario,canada,airplane,airplanes,aeroplane,aeroplanes,plane,spotting,travel,travelling,departure,arrival,take,off,landing,land,runway,jet,planes,holiday,holidays,fun,summer,air,jazz,canadair,cl6002b19,regional,crj200er,registration,cgjzl,bombardier,crj200,er,extended,range",http://www.flickr.com/photos/royalolive/1135037958/
107816693,90,0,"houston,texas,zoo,bird,oviparous,vertebrates,feather,wing,BaldEagle,Eagle,Haliaeetus,leucocephalus,animal,ilovenature,nature,Zoo's of the South,Haliaeetus leucocephalus,TX,Houston Zoo,fauna,avian,aves,“©,All,Rights,Reserved,No,Usage,Allowed,Any,Form,Without,Written,Consent,Lisa,H.,Dugger/,Saveena.”,fowl","houston,texas,zoo,bird,oviparous,vertebrates,feather,wing,baldeagle,eagle,haliaeetus,leucocephalus,animal,ilovenature,nature,zoosofthesouth,haliaeetusleucocephalus,tx,houstonzoo,fauna,avian,aves,“©,all,rights,reserved,no,usage,allowed,any,form,without,written,consent,lisa,h,dugger,saveena”,fowl",http://www.flickr.com/photos/saveena/107816693/
1067914921,351,2,"Airshow,Airventure,EAA,Airport,Aircraft,Airplanes,Oshkosh,Airshows,Air,Show,Travel,R,Replica,Aviation,OSH07","airshow,airventure,eaa,airport,aircraft,airplanes,oshkosh,airshows,air,show,travel,r,replica,aviation,osh07",http://www.flickr.com/photos/fun_flying/1067914921/
407429335,220,20,"eagle,bald eagle,birding,majestic,zoo,nature,wildlife,Pentax,K10D,Pentax K10D,DiamondClassPhotographer,flickrdiamond","eagle,baldeagle,birding,majestic,zoo,nature,wildlife,pentax,k10d,pentaxk10d,diamondclassphotographer,flickrdiamond",http://www.flickr.com/photos/floridainvestigator/407429335/
810386630,14,0,"people,working,woman,China,travel,Yangshuo,GuangxiProvince,Guangxi,Chaolong,Yulong River,Yulong,rice,farming,bicycle ride","people,working,woman,china,travel,yangshuo,guangxiprovince,guangxi,chaolong,yulongriver,yulong,rice,farming,bicycleride",http://www.flickr.com/photos/gab-fab/810386630/
2194975537,28,0,"Lübeck,train station,night,morning,train,DB,Europe,Euopa,Germany,Deutschland,mrgniqq,Tyskland,interrail,bahnhof,zug,bahn,railway,railways,station,Deutsche Bahn,travel,transportation,eisenbahn,SchleswigHolstein","lübeck,trainstation,night,morning,train,db,europe,euopa,germany,deutschland,mrgniqq,tyskland,interrail,bahnhof,zug,bahn,railway,railways,station,deutschebahn,travel,transportation,eisenbahn,schleswigholstein",http://www.flickr.com/photos/mrgniqq/2194975537/
108112927,8,0,"museum,science,technology,Italy,Milan","museum,science,technology,italy,milan",http://www.flickr.com/photos/pigsty/108112927/
616036189,976,0,"bungalow heaven designs,bungalow,heaven,kerry,ann,dame,interior,design,pawleys,island,murrells,inlet,pet-friendly,sofa,slipcovers,window,treatments,surfside beach,Myrtle beach,Pawleys Island,Posh Living,Bungalow Heaven,beach,house,rental,resort,litchfield beach,South Carolina,decorating,decorate,vacation,ideas,beach house furniture,furniture store","bungalowheavendesigns,bungalow,heaven,kerry,ann,dame,interior,design,pawleys,island,murrells,inlet,petfriendly,sofa,slipcovers,window,treatments,surfsidebeach,myrtlebeach,pawleysisland,poshliving,bungalowheaven,beach,house,rental,resort,litchfieldbeach,southcarolina,decorating,decorate,vacation,ideas,beachhousefurniture,furniturestore",http://www.flickr.com/photos/kerryanndame/616036189/
2083671254,240,4,"Marcello,persian,cat,cats,pet,pets,chat,chats,animal,animals,nature,Sony,feline,dsc-h9","marcello,persian,cat,cats,pet,pets,chat,chats,animal,animals,nature,sony,feline,dsch9",http://www.flickr.com/photos/akras/2083671254/
101652998,219,4,"tingey,California,talking,biker,beach,cellphone,cycle,hat,helmet,bike gear,2006,talk,chat,chit chat,ca,pier,Oceanside,February,Canon EOS 20D,gloves","tingey,california,talking,biker,beach,cellphone,cycle,hat,helmet,bikegear,2006,talk,chat,chitchat,ca,pier,oceanside,february,canoneos20d,gloves",http://www.flickr.com/photos/loritingey/101652998/
115515327,1229,20,"alaska,ak,songwoman,purelyalaska,eagle,bald eagle,flag,patriotic,zip99603,wintertime,wings,wing,wildlife,wildanimals,wildanimal,wild,white,talons,talon,skyscapes,skyscape,sky,pz850,purealaska,nature,kodakpz850,kodakp850,kodak,kodadpz850,kenaipeninsulaalaska,kenaipeninsula,kachimakbay,kachimak,kachemakbay,kachemak,homerak,homer,haliaeetusleucocephalus,haliaeetus,eagles,critters,critter,claws,claw,birdsofprey,birds,birdofprey,bird,baldeagles,bald,aves,america,animals,animal,alaska bald eagle,alaska bald eagles,american bald eagle,american bald eagles,avian,avians,alaska animal,alaska animals,Alaskan,birding,birdspotting,birdwatching,black,black and white,black & white,day,daytime,feather,feathers,homer alaska,homer spit,homer spit ak,homer spit alaska,hunter,hunters,hunting,kachemak bay alaska,kenai peninsula ak,nature scenes,scene,scenery,scenes,skies,wingspan,winter,pam,Pamela,American,us,usa,ave,alaska sky,B & W","alaska,ak,songwoman,purelyalaska,eagle,baldeagle,flag,patriotic,zip99603,wintertime,wings,wing,wildlife,wildanimals,wildanimal,wild,white,talons,talon,skyscapes,skyscape,sky,pz850,purealaska,nature,kodakpz850,kodakp850,kodak,kodadpz850,kenaipeninsulaalaska,kenaipeninsula,kachimakbay,kachimak,kachemakbay,kachemak,homerak,homer,haliaeetusleucocephalus,haliaeetus,eagles,critters,critter,claws,claw,birdsofprey,birds,birdofprey,bird,baldeagles,bald,aves,america,animals,animal,alaskabaldeagle,alaskabaldeagles,americanbaldeagle,americanbaldeagles,avian,avians,alaskaanimal,alaskaanimals,alaskan,birding,birdspotting,birdwatching,black,blackandwhite,blackwhite,day,daytime,feather,feathers,homeralaska,homerspit,homerspitak,homerspitalaska,hunter,hunters,hunting,kachemakbayalaska,kenaipeninsulaak,naturescenes,scene,scenery,scenes,skies,wingspan,winter,pam,pamela,american,us,usa,ave,alaskasky,bw",http://www.flickr.com/photos/purelyalaska/115515327/
1024245377,80,5,"50-200mm,Hilton Head,Olympus,Olympus E-500,South Carolina,ZD,Zuiko,Zuiko Digital,black and white,travel,fishing,grandfather,grandson,child,Sharing Exposures","50200mm,hiltonhead,olympus,olympuse500,southcarolina,zd,zuiko,zuikodigital,blackandwhite,travel,fishing,grandfather,grandson,child,sharingexposures",http://www.flickr.com/photos/conlawprof/1024245377/
122088880,1237,1,"YUL,Montreal,Quebec,Canada,Trudeau,Dorval,Airport,CYUL,travel,aviation,flying,airplanes,aircraft,airliners,jetliners,jet,plane,aeroplane,avions,Olympic Airways,Olympic Airlines,Olympic,Olympia,A340,A343,A340-300,Airbus,SX-DFA,airplane,jetliner,planes,aeroplanes,greek,runway,landing,stopping,thrusters,reverse thrust,arrival,passengers,traveling,fly,aerospace,aircrafts,airliner,jets,avion,les avions,wing,wings,tail,engines,motors,cockpit,fuselage,landing gear,flaps,rudder,nose gear,flugzeug,aeroplano,飞机,飛機,vliegtuig,αεροπλάνο,飛行機,비행기,avião,самолет,aeropuerto,aeroport,luchtvaart,flugzeuge","yul,montreal,quebec,canada,trudeau,dorval,airport,cyul,travel,aviation,flying,airplanes,aircraft,airliners,jetliners,jet,plane,aeroplane,avions,olympicairways,olympicairlines,olympic,olympia,a340,a343,a340300,airbus,sxdfa,airplane,jetliner,planes,aeroplanes,greek,runway,landing,stopping,thrusters,reversethrust,arrival,passengers,traveling,fly,aerospace,aircrafts,airliner,jets,avion,lesavions,wing,wings,tail,engines,motors,cockpit,fuselage,landinggear,flaps,rudder,nosegear,flugzeug,aeroplano,飞机,飛機,vliegtuig,αεροπλάνο,飛行機,비행기,avião,самолет,aeropuerto,aeroport,luchtvaart,flugzeuge",http://www.flickr.com/photos/caribb/122088880/
709142535,116,0,"Nature,Brionnais,Paysage,landscape,vache,cow,charolais,Bourgogne,Saône et Loire,Burgundy,France","nature,brionnais,paysage,landscape,vache,cow,charolais,bourgogne,saôneetloire,burgundy,france",http://www.flickr.com/photos/ludhic/709142535/
112859041,290,0,"sfo,747,ba,british airways,arrival,taxi,heathrow,british,flight,long,travel,transatlantic,south san fancisco,airport,terminal,international,jet,bay,metro,urban,74,san francisco,aviation,fly,flying,commercial aviation,san francisco international airport,london flight,london,england,red,white,blue,rr,favorites,city,bay area,airline,boeing,aircraft,plane,jetliner,airplane,747-400,california,2006,northern california","sfo,747,ba,britishairways,arrival,taxi,heathrow,british,flight,long,travel,transatlantic,southsanfancisco,airport,terminal,international,jet,bay,metro,urban,74,sanfrancisco,aviation,fly,flying,commercialaviation,sanfranciscointernationalairport,londonflight,london,england,red,white,blue,rr,favorites,city,bayarea,airline,boeing,aircraft,plane,jetliner,airplane,747400,california,2006,northerncalifornia",http://www.flickr.com/photos/pbo31/112859041/
143702760,35,0,"hawk,joshuatree,bird,desert,nature","hawk,joshuatree,bird,desert,nature",http://www.flickr.com/photos/olebra/143702760/
509514405,29,0,"R1150GS,BMW GS,BMW Motorcycle,Motorcycle Touring,Motorcycle Travel,Motorcycle,GS Motorrad,GS,BMW,BMW Motorcycles,BMW Motorrad,Boxer Twin,Travel,Beemer,Motorcycle on the road,Bayerische Motorrad Werke,German Motorcycle,Suffolk,moto,motocykl","r1150gs,bmwgs,bmwmotorcycle,motorcycletouring,motorcycletravel,motorcycle,gsmotorrad,gs,bmw,bmwmotorcycles,bmwmotorrad,boxertwin,travel,beemer,motorcycleontheroad,bayerischemotorradwerke,germanmotorcycle,suffolk,moto,motocykl",http://www.flickr.com/photos/pauldevall/509514405/
2404904359,170,0,"brianapa,museum,display,RAF,cosford,royal air force,plane,airplane,aircraft,military,fighter,canon,400D","brianapa,museum,display,raf,cosford,royalairforce,plane,airplane,aircraft,military,fighter,canon,400d",http://www.flickr.com/photos/brianapa/2404904359/
342606251,62,0,"cape verde,boavista,sailing,dinghy,island,beach,christmas,holiday,geotagged,geo:tool=yuancc,geo:lat=16.171643,geo:lon=-22.915303","capeverde,boavista,sailing,dinghy,island,beach,christmas,holiday,geotagged,geo:tool=yuancc,geo:lat=16171643,geo:lon=22915303",http://www.flickr.com/photos/pindec/342606251/
1987579697,133,0,"usa,united states,new york,new york city,nyc,manhattan,amnh,american museum of natural history,museum of natural history,museum,museums,hall of north american birds,sanford hall of north american birds,bird,birds,taxidermy,pelican,pelicans,white pelican,american white pelican,pelecanus erythrorhynchos","usa,unitedstates,newyork,newyorkcity,nyc,manhattan,amnh,americanmuseumofnaturalhistory,museumofnaturalhistory,museum,museums,hallofnorthamericanbirds,sanfordhallofnorthamericanbirds,bird,birds,taxidermy,pelican,pelicans,whitepelican,americanwhitepelican,pelecanuserythrorhynchos",http://www.flickr.com/photos/elrina753/1987579697/
11382767,51,0,"beach,verobeach,florida,ocean,sandpiper,bird","beach,verobeach,florida,ocean,sandpiper,bird",http://www.flickr.com/photos/laurat/11382767/
1040023198,77,0,"Fly & Drive Experience,Asas de um Sonho,museu,museum,TAM,São Carlos,airplane,plane,avião,restored,restaurados,American,Flea,Ship","flydriveexperience,asasdeumsonho,museu,museum,tam,sãocarlos,airplane,plane,avião,restored,restaurados,american,flea,ship",http://www.flickr.com/photos/janini/1040023198/
1131633544,45,0,"Pacific Coast,Northern California,Beach,Ocean,Waves,Salmon Creek,Bodega Bay,Sonoma Coast State Beach,Sonoma Coast State Park,Dog,Pet,Leash,Sand,Surf,North Coast,Highway 1,Pacific Coast Highway,Sonoma County","pacificcoast,northerncalifornia,beach,ocean,waves,salmoncreek,bodegabay,sonomacoaststatebeach,sonomacoaststatepark,dog,pet,leash,sand,surf,northcoast,highway1,pacificcoasthighway,sonomacounty",http://www.flickr.com/photos/krissatin/1131633544/
2576712713,69,2,"chairs,old,wood,square,cuba,farm,jeep,safari,nikon,d300,nikkor,105mm,micro,matanza,travel,trip,south,2008","chairs,old,wood,square,cuba,farm,jeep,safari,nikon,d300,nikkor,105mm,micro,matanza,travel,trip,south,2008",http://www.flickr.com/photos/slyder/2576712713/
2447236306,1233,0,"amazon,amazonia,areia,autobus,autobuses,autocarro,beach,bus,buses,busstation,cascavel,coach,coaches,eucatur,express,expresso,floresta,flower,forest,marcopolo,onibus,papagaio,parrot,praia,sand,shore,shuttle,shuttles,tourism,travel,travelling,turismo,viagem,volvo,bussen","amazon,amazonia,areia,autobus,autobuses,autocarro,beach,bus,buses,busstation,cascavel,coach,coaches,eucatur,express,expresso,floresta,flower,forest,marcopolo,onibus,papagaio,parrot,praia,sand,shore,shuttle,shuttles,tourism,travel,travelling,turismo,viagem,volvo,bussen",http://www.flickr.com/photos/novaneiabus/2447236306/
1036280051,158,1,"cheboksary,russia,чебоксары,chuvash republic,summer,lomo,boat,ship,volga,river,beach,stairs,sand,local,people,chuvashiya,chuvashia,чувашия,city,town,lc-a","cheboksary,russia,чебоксары,chuvashrepublic,summer,lomo,boat,ship,volga,river,beach,stairs,sand,local,people,chuvashiya,chuvashia,чувашия,city,town,lca",http://www.flickr.com/photos/inamoto/1036280051/
2530014386,5,0,"Viera Wetlands,Florida,nature,bovine,cow,pasture,cattle","vierawetlands,florida,nature,bovine,cow,pasture,cattle",http://www.flickr.com/photos/35547288@N00/2530014386/
1422882959,193,0,"Laughing Dove,Streptopelia senegalensis,birds,south Africa,pilanesburg,manyane gate,safari,tourism,wildlife","laughingdove,streptopeliasenegalensis,birds,southafrica,pilanesburg,manyanegate,safari,tourism,wildlife",http://www.flickr.com/photos/10429032@N08/1422882959/
110919525,903,16,"ixtapa,ixtapazihuatanejo,mexico,sunset,puestadesol,ilovenature,leicadigilux2,leica,digilux,sail,beach,sun,freeassociation,zihuatanejo,playa,L1030451,latengoytereto,lagaleriaatardeceresnov,challenge you winner,LTyTR1","ixtapa,ixtapazihuatanejo,mexico,sunset,puestadesol,ilovenature,leicadigilux2,leica,digilux,sail,beach,sun,freeassociation,zihuatanejo,playa,l1030451,latengoytereto,lagaleriaatardeceresnov,challengeyouwinner,ltytr1",http://www.flickr.com/photos/gdiazdeleon/110919525/
103214552,14,0,"lake,martin,cypress,island,st,saint,martinville,louisiana,acadiana,nature,conservancy,bird,egret,white,nest,cypress island,nature conservancy","lake,martin,cypress,island,st,saint,martinville,louisiana,acadiana,nature,conservancy,bird,egret,white,nest,cypressisland,natureconservancy",http://www.flickr.com/photos/marksteveg/103214552/
481969268,663,2,"greetingsfromfloydstreet,floyd,chihuahua,travel,indiana,roadtrip,dog,hobnob,hobnobcorner,browncounty,nashvilleindiana,browncountyindiana,cafe,restaurant,handshake,2007,ellen j.d. roberts,ellen jo roberts,ejdroberts,ellenjo.com","greetingsfromfloydstreet,floyd,chihuahua,travel,indiana,roadtrip,dog,hobnob,hobnobcorner,browncounty,nashvilleindiana,browncountyindiana,cafe,restaurant,handshake,2007,ellenjdroberts,ellenjoroberts,ejdroberts,ellenjocom",http://www.flickr.com/photos/ellenjo/481969268/
108380497,117,2,"dagmar,dog,puppy,kamloops,bridge,beach,river","dagmar,dog,puppy,kamloops,bridge,beach,river",http://www.flickr.com/photos/syldavia/108380497/
2792959034,128,0,"Muszyna,Poland,Railroad,Railway,Rail,PKP,Crossing,Engine,Locomotive,Lokomotywa,Electric,Elektrowóz,EP07,EP07-338,Train,Passenger,Landscape,Overview,Town,Village,Małopolskie,Małopolska,Lesser Poland,Olympus,SP550UZ,Polska,поезд,treno,tren,trem,локомотив,Lokomotive,locomotiva,locomotora","muszyna,poland,railroad,railway,rail,pkp,crossing,engine,locomotive,lokomotywa,electric,elektrowóz,ep07,ep07338,train,passenger,landscape,overview,town,village,małopolskie,małopolska,lesserpoland,olympus,sp550uz,polska,поезд,treno,tren,trem,локомотив,lokomotive,locomotiva,locomotora",http://www.flickr.com/photos/15632944@N00/2792959034/
1640445016,44,6,"annieta,Krimpenerwaard,canon,g2,cow,koe,kalf,powershot,color,natuur,nature,Zuid-Holland,netherlands,nederland,holland,pays-bas,oktober,October,octobre,herfst,autumn,herbst,fall,2007,ilovenature,couleur,thebiggestgroup,kleur,polder,calf,weiland,meadow,@All Rights Reserved,Using this photo without permission is illegal","annieta,krimpenerwaard,canon,g2,cow,koe,kalf,powershot,color,natuur,nature,zuidholland,netherlands,nederland,holland,paysbas,oktober,october,octobre,herfst,autumn,herbst,fall,2007,ilovenature,couleur,thebiggestgroup,kleur,polder,calf,weiland,meadow,allrightsreserved,usingthisphotowithoutpermissionisillegal",http://www.flickr.com/photos/47676341@N00/1640445016/
2732293686,77,3,"Raba Nizna,Poland,Railroad,Railway,Rail,PKP,Engine,Locomotive,Lokomotywa,Steam,Parowóz,Ty2,Ty2-953,Train,Passenger,Heritage,Old,Vintage,Landscape,Mountains,Scenic,Małopolskie,Małopolska,Lesser Poland,Crossing,Polska,Olympus,SP550UZ,поезд,treno,tren,trem,локомотив,Lokomotive,locomotiva,locomotora","rabanizna,poland,railroad,railway,rail,pkp,engine,locomotive,lokomotywa,steam,parowóz,ty2,ty2953,train,passenger,heritage,old,vintage,landscape,mountains,scenic,małopolskie,małopolska,lesserpoland,crossing,polska,olympus,sp550uz,поезд,treno,tren,trem,локомотив,lokomotive,locomotiva,locomotora",http://www.flickr.com/photos/15632944@N00/2732293686/
98943750,309,0,"amos,eamonn,pantanal,riding,horse riding,horse,brazil,wildlife,eamonn lawlor,lawlor","amos,eamonn,pantanal,riding,horseriding,horse,brazil,wildlife,eamonnlawlor,lawlor",http://www.flickr.com/photos/amos/98943750/
1022088128,761,49,"abuko,ave,aves,avifauna,bird,birds,birdwatching,gâmbia,Hamerkop,isidro,Scopus umbretta,The Gambia,wildbirds,wildlife,geo:lat=13.394953,geo:lon=-16.645998,geotagged,Abuko Reserve,SpecAnimal,NaturesFinest,specnature,AvianExcellence,Modou Colley,nature,natureza","abuko,ave,aves,avifauna,bird,birds,birdwatching,gâmbia,hamerkop,isidro,scopusumbretta,thegambia,wildbirds,wildlife,geo:lat=13394953,geo:lon=16645998,geotagged,abukoreserve,specanimal,naturesfinest,specnature,avianexcellence,modoucolley,nature,natureza",http://www.flickr.com/photos/jvverde/1022088128/
100932909,961,1,"horse,equine,racing,Tasmania,Travel,thoroughbred,HBOTW","horse,equine,racing,tasmania,travel,thoroughbred,hbotw",http://www.flickr.com/photos/kristavandervoorden/100932909/
1550208794,44,2,"Liverpool,bus,autobus,coach,robokubo,robert,kubica,transport,travel,doprava,cestovani,preprava,autobusi,coaches,pics,picture,obrazky,fota,fotky,fotka,fotografie,fotografia,photo,photographia,kartinka,obrazek","liverpool,bus,autobus,coach,robokubo,robert,kubica,transport,travel,doprava,cestovani,preprava,autobusi,coaches,pics,picture,obrazky,fota,fotky,fotka,fotografie,fotografia,photo,photographia,kartinka,obrazek",http://www.flickr.com/photos/robokubo/1550208794/
2913066323,9,0,"Punxutawney,Pennsylvania,ground,hog,day,school,bus,recreational,vehicle,converson,schoolie,schooly,skewly,RV,motorhome,motor,home,building,project,fabrication,modification,modify,transportation,vacation,trip,travel,slade,walters,sladewalters,sladewalters.com","punxutawney,pennsylvania,ground,hog,day,school,bus,recreational,vehicle,converson,schoolie,schooly,skewly,rv,motorhome,motor,home,building,project,fabrication,modification,modify,transportation,vacation,trip,travel,slade,walters,sladewalters,sladewalterscom",http://www.flickr.com/photos/sladewalters/2913066323/
1163976989,349,0,"Australia,Birds,Nature,Steve Irwin,Australia Zoo,Brolga,Grus rubicunda","australia,birds,nature,steveirwin,australiazoo,brolga,grusrubicunda",http://www.flickr.com/photos/tk_five_0/1163976989/
2206525396,30,2,"landscape,water,vårby,varby,europe,scandinavia,nordic,lake,malaren,mälaren,geotagged,scenery,location,on a map,mapped,show me where,littoral,litoral,barco,barcos,stkhm,sthm,waterscape,waterscapes","landscape,water,vårby,varby,europe,scandinavia,nordic,lake,malaren,mälaren,geotagged,scenery,location,onamap,mapped,showmewhere,littoral,litoral,barco,barcos,stkhm,sthm,waterscape,waterscapes",http://www.flickr.com/photos/question_everything/2206525396/
2830549588,129,6,"TZ3,Lumix,Panasonic TZ3,Panasonic Lumix,DMC-TZ3,Panasonic DMC-TZ3,York,City of York,Yorkshire,North Yorkshire,Yorkshire and Humbershire,England,Historic Cities,City,Train Station,Railway Station,Railroad Station,York Station,Rail,Railway,Railroad,Track,Tracks,Trains,Travel,Network Rail,Locomotive,Locos,Diesel,Diesel Electric,Diesel Electric Locomotives,Voyager,CrossCountry,Class 221","tz3,lumix,panasonictz3,panasoniclumix,dmctz3,panasonicdmctz3,york,cityofyork,yorkshire,northyorkshire,yorkshireandhumbershire,england,historiccities,city,trainstation,railwaystation,railroadstation,yorkstation,rail,railway,railroad,track,tracks,trains,travel,networkrail,locomotive,locos,diesel,dieselelectric,dieselelectriclocomotives,voyager,crosscountry,class221",http://www.flickr.com/photos/peteredin/2830549588/
338587517,2535,2,"aeroplane,aerospace,air,aircraft,airline,airliner,airlines,airplane,airplanes,airport,airways,arrival,arrive,aviation,ba,baa,background,bajor,birdlike,blue,blur,blured,blurred,blurry,boeing,britain,british,business,commercial,down,dusk,egll,england,er,evening,fast,fixed,flaps,flight,fly,flying,gear,great,greatbritain,gregory,heathrow,international,jet,journey,kingdom,landing,lhr,lights,livery,london,motion,movement,moving,movingdown,plane,runway,smoke,speed,swiss,tarmac,touch,traffic,transport,transportation,travel,uk,united,unitedkingdom,Greg Bajor","aeroplane,aerospace,air,aircraft,airline,airliner,airlines,airplane,airplanes,airport,airways,arrival,arrive,aviation,ba,baa,background,bajor,birdlike,blue,blur,blured,blurred,blurry,boeing,britain,british,business,commercial,down,dusk,egll,england,er,evening,fast,fixed,flaps,flight,fly,flying,gear,great,greatbritain,gregory,heathrow,international,jet,journey,kingdom,landing,lhr,lights,livery,london,motion,movement,moving,movingdown,plane,runway,smoke,speed,swiss,tarmac,touch,traffic,transport,transportation,travel,uk,united,unitedkingdom,gregbajor",http://www.flickr.com/photos/birdlike/338587517/
1009968656,88,0,"wild,flower,river,road,nature,world,nest,butterfly,goat,pair,smile,god,india,tamil,Palacode,me,Arul,mozhi,tamirind,skylark,bird,pet,water,unity,feast,will,house,touch,gate,check,pambar,raise,sky,earth,camera,landscape,beach,stream,photo,bobby,fauna,light,map,girl,woman,aunty,Digital","wild,flower,river,road,nature,world,nest,butterfly,goat,pair,smile,god,india,tamil,palacode,me,arul,mozhi,tamirind,skylark,bird,pet,water,unity,feast,will,house,touch,gate,check,pambar,raise,sky,earth,camera,landscape,beach,stream,photo,bobby,fauna,light,map,girl,woman,aunty,digital",http://www.flickr.com/photos/arulmozhin/1009968656/
2099035790,25,0,"long,beach,convention,center,california,motorcycle,triumph","long,beach,convention,center,california,motorcycle,triumph",http://www.flickr.com/photos/antmang/2099035790/
2379762981,80,0,"san francisco bay area,california,nikon,april,2008,west coast,america,u.s.a.,spring,peninsula,image,color,urban area,above,over,view,plane,jet,airplane,airport,s.f.o.,san francisco international airport,fly,flying,flight,aviation,travel,traveling,aircraft,airline,northern california,millbrae,blue,sky,white,grey,brown,eva airlines,landing,747,747-400,boeing,d200,san mateo county,jetliner,eva,eva air","sanfranciscobayarea,california,nikon,april,2008,westcoast,america,usa,spring,peninsula,image,color,urbanarea,above,over,view,plane,jet,airplane,airport,sfo,sanfranciscointernationalairport,fly,flying,flight,aviation,travel,traveling,aircraft,airline,northerncalifornia,millbrae,blue,sky,white,grey,brown,evaairlines,landing,747,747400,boeing,d200,sanmateocounty,jetliner,eva,evaair",http://www.flickr.com/photos/pbo31/2379762981/
3118012692,195,4,"日本,Nihon,Nippon,Japan,Japon,mobydickismyfriend,save the whales,stop whaling,dmcfz50,panasoniclumixfz50,lumix,panasonic,fz50,Shojhi,Takahashi,Shojhi Takahashi,Nissan,Figaro,Nissan Figaro,car,auto,Kamakura-shi,Kanagawa Prefecture,vacation,travel,street,reisen,itchyfeet,fernweh,digital,concrete,backpacker,asien,asia,kawaii,sweet,retro,oldtimer,fake oldtimer,Micra,Nissan Micra,cabrio,convertible,geotagged,giappone","日本,nihon,nippon,japan,japon,mobydickismyfriend,savethewhales,stopwhaling,dmcfz50,panasoniclumixfz50,lumix,panasonic,fz50,shojhi,takahashi,shojhitakahashi,nissan,figaro,nissanfigaro,car,auto,kamakurashi,kanagawaprefecture,vacation,travel,street,reisen,itchyfeet,fernweh,digital,concrete,backpacker,asien,asia,kawaii,sweet,retro,oldtimer,fakeoldtimer,micra,nissanmicra,cabrio,convertible,geotagged,giappone",http://www.flickr.com/photos/mishes/3118012692/
102387561,672,4,"Ath,Athens,Airport,Greece,Greek,Travel,airplanes,Swiss Air Lines,A321,HB-IOH,Eleftherios Venizelos International Airport,Eleftherios,Venizelos,airplane,aircraft,aircrafts,airliner,airliners,plane,planes,jet,jets,aeroplane,aeroplanes,jetliner,jetliners,avion,les avions,wing,wings,tail,engines,motors,cockpit,fuselage,landing gear,flaps,rudder,nose gear,flugzeug,aeroplano,飞机,飛機,vliegtuig,αεροπλάνο,飛行機,비행기,avião,самолет,aeropuerto,aeroport,Europe,Europa,Voyage,Touring,luchtvaart,flugzeuge","ath,athens,airport,greece,greek,travel,airplanes,swissairlines,a321,hbioh,eleftheriosvenizelosinternationalairport,eleftherios,venizelos,airplane,aircraft,aircrafts,airliner,airliners,plane,planes,jet,jets,aeroplane,aeroplanes,jetliner,jetliners,avion,lesavions,wing,wings,tail,engines,motors,cockpit,fuselage,landinggear,flaps,rudder,nosegear,flugzeug,aeroplano,飞机,飛機,vliegtuig,αεροπλάνο,飛行機,비행기,avião,самолет,aeropuerto,aeroport,europe,europa,voyage,touring,luchtvaart,flugzeuge",http://www.flickr.com/photos/caribb/102387561/
106376570,91,0,"deviantART,tree,nature,tagged_some,street,car","deviantart,tree,nature,taggedsome,street,car",http://www.flickr.com/photos/conskeptical/106376570/
1152450348,144,2,"Pacific Reef Egret,Noosa,Queensland,Australia,Birds,Nature,Egretta novaehollandiae,White-faced Heron,Michael Dawes,Dawes,Queensland Most Interesting,My Top Shots,Top Shots","pacificreefegret,noosa,queensland,australia,birds,nature,egrettanovaehollandiae,whitefacedheron,michaeldawes,dawes,queenslandmostinteresting,mytopshots,topshots",http://www.flickr.com/photos/tk_five_0/1152450348/
2601746457,27,0,"wildlife,animal,animals,monica,derek,tern island,islands,french frigate shoals,atoll,atolls,bird,birds,seal,seals,tern,albartross,noddy,hawaii,northwest hawaiian islands","wildlife,animal,animals,monica,derek,ternisland,islands,frenchfrigateshoals,atoll,atolls,bird,birds,seal,seals,tern,albartross,noddy,hawaii,northwesthawaiianislands",http://www.flickr.com/photos/19249401@N03/2601746457/
753069743,522,2,"Treinen,Zug,Spoor,Train,Trains,Germany,Bahn,nederlandsespoorwegen,nederland,trein,eisenbahn,olympus,peters452002,railways,railway,jalalspagestransportationalbum,jalalspages,E-lok,Travel","treinen,zug,spoor,train,trains,germany,bahn,nederlandsespoorwegen,nederland,trein,eisenbahn,olympus,peters452002,railways,railway,jalalspagestransportationalbum,jalalspages,elok,travel",http://www.flickr.com/photos/peters452002/753069743/
2403576255,139,0,"plane,aircraft,airplane,fly,flying,military,combat,airforce,RAF,cosford,museum,display,brianapa,canon,400D,royal air force","plane,aircraft,airplane,fly,flying,military,combat,airforce,raf,cosford,museum,display,brianapa,canon,400d,royalairforce",http://www.flickr.com/photos/brianapa/2403576255/
73697313,152,1,"dog,hawk,goat,grasshopper,beach,water,ocean,Oregon,dogs,cat,cats,bed,sit,stay,nose,sleeping,bird,fly,cage,flower,panther,tiger,sand,cupcake,rock,desert,arizona,camp verde,rose,cherry,russian blue,tree,flagstaff,boy,man,waiter,ring,wedding,forest,hiking,nuts,tart,lemon,husband,raven,crow,black bird,funny,weird,puppy,land,squidoo,squidoo.com,equus,equusmagic,equusmagic.com,horse photography,horse photographer,equine photography,equine photographer,photographer,photography,canon 30d,horse pictures","dog,hawk,goat,grasshopper,beach,water,ocean,oregon,dogs,cat,cats,bed,sit,stay,nose,sleeping,bird,fly,cage,flower,panther,tiger,sand,cupcake,rock,desert,arizona,campverde,rose,cherry,russianblue,tree,flagstaff,boy,man,waiter,ring,wedding,forest,hiking,nuts,tart,lemon,husband,raven,crow,blackbird,funny,weird,puppy,land,squidoo,squidoocom,equus,equusmagic,equusmagiccom,horsephotography,horsephotographer,equinephotography,equinephotographer,photographer,photography,canon30d,horsepictures",http://www.flickr.com/photos/obedientmuse/73697313/
104803803,8532,6,"Schiphol,Airport,Amsterdam,Holland,Netherlands,nederland,airplane,boeing,747,747F,747-200F,freighter,cargo,cargojet,ocean airlines,D-ABYU,I-OCEU,aircraft,aeroplane,avion,plane,jet,flying,freight,pallets,74F,Airplanes 101,*Airplanes,101*,aircrafts,airliner,airliners,planes,jets,aeroplanes,jetliner,jetliners,les avions,wing,wings,tail,engines,motors,cockpit,fuselage,landing gear,flaps,rudder,nose gear,flugzeug,aeroplano,飞机,飛機,vliegtuig,αεροπλάνο,飛行機,비행기,avião,самолет,aeropuerto,aeroport,Europe,Europa,Travel,Voyage,Touring,luchtvaart,flugzeuge,Airlines 101,aereo,aviazione,aviogetto,volante,viaggio","schiphol,airport,amsterdam,holland,netherlands,nederland,airplane,boeing,747,747f,747200f,freighter,cargo,cargojet,oceanairlines,dabyu,ioceu,aircraft,aeroplane,avion,plane,jet,flying,freight,pallets,74f,airplanes101,airplanes,101,aircrafts,airliner,airliners,planes,jets,aeroplanes,jetliner,jetliners,lesavions,wing,wings,tail,engines,motors,cockpit,fuselage,landinggear,flaps,rudder,nosegear,flugzeug,aeroplano,飞机,飛機,vliegtuig,αεροπλάνο,飛行機,비행기,avião,самолет,aeropuerto,aeroport,europe,europa,travel,voyage,touring,luchtvaart,flugzeuge,airlines101,aereo,aviazione,aviogetto,volante,viaggio",http://www.flickr.com/photos/caribb/104803803/
167268637,7157,19,"Zug,Eisenbahn,Train,Switserland,Bahn,spoor,trein,zwitserland,trains,oberalppass,glacierexpress,etrain,treinen,swiss,olympus,peters452002,railways,railway,nice,spoorwegen,railroad,Jalalspages,jalalspagestransportationalbum,E-lok,SBB-CFF-FFS,SBB,CFF,FFS,Travel,5PhotosaDay,ferrovia,ch,clickcamera,twop,schweiz,rail,railroads","zug,eisenbahn,train,switserland,bahn,spoor,trein,zwitserland,trains,oberalppass,glacierexpress,etrain,treinen,swiss,olympus,peters452002,railways,railway,nice,spoorwegen,railroad,jalalspages,jalalspagestransportationalbum,elok,sbbcffffs,sbb,cff,ffs,travel,5photosaday,ferrovia,ch,clickcamera,twop,schweiz,rail,railroads",http://www.flickr.com/photos/peters452002/167268637/
139408064,424,4,"Ruddy Turnstone,AVESEMPORTUGAL,AVES,BIRDS,ESTUÁRIO DO DOURO,DOURO,RIO,ISIDRO,PORTO,GAIA,Arenaria Interpres,rola do mar,rolas do mar,Arenaria,Interpres,estuário do douro,rio douro,portugal,turnstone,turnstones,birdsinportugal,ave,bird,pássaros,Birds in Flight,Aves em voo,voo,em voo,in flight,asas,asas abertas,PÁSSARO,avifauna,wildbirds,wildanimals,i love nature,natureza,nature,vida selvagem,vida ao ar livre,wildlife photography,wildlife europe,wildlife portugal,birdwatching,pájaro,vogel,uccello,pták,lind,madár,foigl,putns,ptak,ptica,vták,zog,kuş,oiseau,madárvilág,faunë,ناحيه,kimbirō,voël,shpend,paxaro,páxaru,jamach'i,quş,txori,usèl,ozel,labous,lapous,evn,cìaddu,ocell,edhen,fugl,osî,ozî,birdo,fuglur,manumanu,lintu,pikulài,guyra,have,pacharo,pasharo,pasaro,inyoni,куш,vicel,avis,auxelu,voegel,ndeke,paukštis,usel,pasula,vorona,burung,għasfur,ushag,aotea,manu,üñüm,entaritiki,aucèl,όρνις,osel,uacidd,ਪੰਖੀ,ਪੰਛੀ,p'isku,phichiw,pasăre,utschè,loddi,puzone,pilloni,cedda,eun,nonyane,shiri,í-nyoni,shimbir,manuk,ndege,ibon,паранда,koş,гуш,птах,pardal,oselo,vucidd',moutchon,oûhê,mohon,edn,picc,intaka,öxello,voltapietre,vuelvepiedras,vuelvepiedras común,tournepierre à collier,tournepierre,Steinwälzer,harri-iraulari,morfedenn driliv,remena-rocs,stenvender,steenloper,sˆtonturnulo,karikukko,zire-pieris,virapedras,steinvender,kamusznik,Roskarl,cwtiad y traeth,pena,penas,voa,bico,asa,feather,penna,piuma,pluma,plume,Feder,veer,pluim,փետուր,լժն,pèna,pluenn,pinna d'aggiellu,ploma,fjer,plumo,sulka ; höyhen,veder,guyrarague,rague,נוצה,पंख,bulu,cleite,pichuñ,olkalamu,pána,fjær,πτερόν,pióro,pen,huru huru,pană,पक्षः,lofofa,Fjäder,йелек,pluen,usiba,faka iintsiba,uluphaphe,ulusiba,wing,aile,Flügel,крыло,جناح,vlerk,krah,ch'iqa,قاناد,askell,scilla,křídlo,vinge,vleugel,zwaard,flugilo,tiib,siipi,ale,cancela,entrada,φτερό,pepo,כנף,szárny,àa,sparnas,elatra,sayap,müpü,enaipukoi,patsae,scella,àea,بال,skrzydło,raphara,karā,eli,soadji,पक्ष,sgiath,крило,lofuka,àla,krídelko,ubawa,asgell,laafe,volo,vuelo,vol,Flug,航班,hegaldi,vôo,flyvning,vlucht,flugo,flugado,lento,perere,penerbangan,eitilt,lidojums,skrydis,flyging,lot,przelot,vòl,zbor,डयनं,phofo,let,flyget,uçuş,hedfan,ehedeg,ukusaba,ukundiza","ruddyturnstone,avesemportugal,aves,birds,estuáriododouro,douro,rio,isidro,porto,gaia,arenariainterpres,roladomar,rolasdomar,arenaria,interpres,estuáriododouro,riodouro,portugal,turnstone,turnstones,birdsinportugal,ave,bird,pássaros,birdsinflight,avesemvoo,voo,emvoo,inflight,asas,asasabertas,pássaro,avifauna,wildbirds,wildanimals,ilovenature,natureza,nature,vidaselvagem,vidaaoarlivre,wildlifephotography,wildlifeeurope,wildlifeportugal,birdwatching,pájaro,vogel,uccello,pták,lind,madár,foigl,putns,ptak,ptica,vták,zog,kuş,oiseau,madárvilág,faunë,ناحيه,kimbirō,voël,shpend,paxaro,páxaru,jamachi,quş,txori,usèl,ozel,labous,lapous,evn,cìaddu,ocell,edhen,fugl,osî,ozî,birdo,fuglur,manumanu,lintu,pikulài,guyra,have,pacharo,pasharo,pasaro,inyoni,куш,vicel,avis,auxelu,voegel,ndeke,paukštis,usel,pasula,vorona,burung,għasfur,ushag,aotea,manu,üñüm,entaritiki,aucèl,όρνισ,osel,uacidd,ਪੰਖੀ,ਪੰਛੀ,pisku,phichiw,pasăre,utschè,loddi,puzone,pilloni,cedda,eun,nonyane,shiri,ínyoni,shimbir,manuk,ndege,ibon,паранда,koş,гуш,птах,pardal,oselo,vucidd,moutchon,oûhê,mohon,edn,picc,intaka,öxello,voltapietre,vuelvepiedras,vuelvepiedrascomún,tournepierreàcollier,tournepierre,steinwälzer,harriiraulari,morfedenndriliv,remenarocs,stenvender,steenloper,sˆtonturnulo,karikukko,zirepieris,virapedras,steinvender,kamusznik,roskarl,cwtiadytraeth,pena,penas,voa,bico,asa,feather,penna,piuma,pluma,plume,feder,veer,pluim,փետուր,լժն,pèna,pluenn,pinnadaggiellu,ploma,fjer,plumo,sulkahöyhen,veder,guyrarague,rague,נוצה,पंख,bulu,cleite,pichuñ,olkalamu,pána,fjær,πτερόν,pióro,pen,huruhuru,pană,पक्षः,lofofa,fjäder,йелек,pluen,usiba,fakaiintsiba,uluphaphe,ulusiba,wing,aile,flügel,крыло,جناح,vlerk,krah,chiqa,قاناد,askell,scilla,křídlo,vinge,vleugel,zwaard,flugilo,tiib,siipi,ale,cancela,entrada,φτερό,pepo,כנף,szárny,àa,sparnas,elatra,sayap,müpü,enaipukoi,patsae,scella,àea,بال,skrzydło,raphara,karā,eli,soadji,पक्ष,sgiath,крило,lofuka,àla,krídelko,ubawa,asgell,laafe,volo,vuelo,vol,flug,航班,hegaldi,vôo,flyvning,vlucht,flugo,flugado,lento,perere,penerbangan,eitilt,lidojums,skrydis,flyging,lot,przelot,vòl,zbor,डयनं,phofo,let,flyget,uçuş,hedfan,ehedeg,ukusaba,ukundiza",http://www.flickr.com/photos/jvverde/139408064/
3105511475,36,0,"TravelTown,LosAngeles,train,rail,railroad,locomotive,coach,steam,museum","traveltown,losangeles,train,rail,railroad,locomotive,coach,steam,museum",http://www.flickr.com/photos/jonsphotos/3105511475/
1152221130,624,0,"Steve Irwin,Austrailian Zoo,Nature,Queesland,Birds","steveirwin,austrailianzoo,nature,queesland,birds",http://www.flickr.com/photos/tk_five_0/1152221130/
214121069,702,0,"airtran,717,cabin,airplane,seats,travel,boeing","airtran,717,cabin,airplane,seats,travel,boeing",http://www.flickr.com/photos/mklingo/214121069/
114645400,13,0,"Garden,Birds,Wildlife","garden,birds,wildlife",http://www.flickr.com/photos/alanandliz/114645400/
2282522408,22187,194,"top20greece,Boat,Wasser,Water,flying boat,ΕλλαδαGreek,یونان,Grecia,Grèce,Grècia,Grécia,Grecja,Grčka,Graikija,Grieķija,Griechenland,Griekenland,Ellas,Ellás,Hellas,Helénica,Греция,Грэцыя,Греція,Грција,Грек,ギリシャ,Grækenland,גריכנלאַנד,Görögország,希腊,希臘,Kreikka,Kreeka,Grekland,Грекъ,Yunanistan,საბერძნეთი,Հունաստան,κυνουρια,ελληνεσ,φωτογράφοι,ambience,Ambiente,Ride,trip,Tour,Vacanze,tourism,holidays,Urlaub,sea,Travel,Travelling,GR,aegean,mediterranean,eu-moto,eu-motogreece,passion,Europe,Europa,Südeuropa,GRfav,Peloponnes,Meer,Strand,beach,landscape,יוון,Greece,Peloponnese,Ελληνικά,Ελλαδα,Πελοπόννησος","top20greece,boat,wasser,water,flyingboat,ελλαδαgreek,یونان,grecia,grèce,grècia,grécia,grecja,grčka,graikija,grieķija,griechenland,griekenland,ellas,ellás,hellas,helénica,греция,грэцыя,греція,грција,грек,ギリシャ,grækenland,גריכנלאַנד,görögország,希腊,希臘,kreikka,kreeka,grekland,грекъ,yunanistan,საბერძნეთი,հունաստան,κυνουρια,ελληνεσ,φωτογράφοι,ambience,ambiente,ride,trip,tour,vacanze,tourism,holidays,urlaub,sea,travel,travelling,gr,aegean,mediterranean,eumoto,eumotogreece,passion,europe,europa,südeuropa,grfav,peloponnes,meer,strand,beach,landscape,יוון,greece,peloponnese,ελληνικά,ελλαδα,πελοπόννησοσ",http://www.flickr.com/photos/-eu/2282522408/
1054243790,11,0,"Summer vacation,summer,vacation,Lightroom,Adobe,edited,altered,Underground,truebeliever,roadtrip,Pismo,Beach,Pismo Beach,pier,sand","summervacation,summer,vacation,lightroom,adobe,edited,altered,underground,truebeliever,roadtrip,pismo,beach,pismobeach,pier,sand",http://www.flickr.com/photos/pea_green/1054243790/
3011188448,202,0,"Jesse James,west coast choppers,california,long beach,skittleydoo04,travel,vacation,family,motorcycles,monster garage,fun,trip,memories,2007,road trip","jessejames,westcoastchoppers,california,longbeach,skittleydoo04,travel,vacation,family,motorcycles,monstergarage,fun,trip,memories,2007,roadtrip",http://www.flickr.com/photos/skittleydoo04/3011188448/
3027816496,58,12,"park,bird,vogel,birds,vögel,see,wasser,water,sea,fluss,river,fluß,bach,brook,düsseldorf,germany,deutschland,nrw,ruhrgebiet,natur,nature,ruhrpott","park,bird,vogel,birds,vögel,see,wasser,water,sea,fluss,river,flus,bach,brook,düsseldorf,germany,deutschland,nrw,ruhrgebiet,natur,nature,ruhrpott",http://www.flickr.com/photos/morbitphotography2008/3027816496/
187675530,72,0,"california,californian,northern california,san francisco bay area,metro area,urban area,bay city,bay cities,san francisco,aviation,fly,flying,flight,commercial aviation,blue,sky,above,color,up,upwards,photo,nature,light,san franciscan,bay area,urban,city life,city,747,airline,jet,boeing,aircraft,plane,travel,jetliner,airplane,united airlines,united,sfo,san francisco international airport,hub","california,californian,northerncalifornia,sanfranciscobayarea,metroarea,urbanarea,baycity,baycities,sanfrancisco,aviation,fly,flying,flight,commercialaviation,blue,sky,above,color,up,upwards,photo,nature,light,sanfranciscan,bayarea,urban,citylife,city,747,airline,jet,boeing,aircraft,plane,travel,jetliner,airplane,unitedairlines,united,sfo,sanfranciscointernationalairport,hub",http://www.flickr.com/photos/pbo31/187675530/
117674002,814,5,"africa,afrique,animal,bani,bicylce,bike,butcher,cow,Djenne,fun,lpbag,Mali,market,men,milk,Mopti,niger,original,poverty,senegal,transport,travel,work,أفريقيا,非洲","africa,afrique,animal,bani,bicylce,bike,butcher,cow,djenne,fun,lpbag,mali,market,men,milk,mopti,niger,original,poverty,senegal,transport,travel,work,أفريقيا,非洲",http://www.flickr.com/photos/ferdinandreus/117674002/
106980568,31,0,"davehogg,nature,530E","davehogg,nature,530e",http://www.flickr.com/photos/davehogg/106980568/
287545170,11,0,"Goa,India,cow,beach,kuh,Strand,Heilige,holy","goa,india,cow,beach,kuh,strand,heilige,holy",http://www.flickr.com/photos/claudipro/287545170/
2755771990,33,0,"University Circle,Cleveland,Ohio,Cleveland Museum of Natural History,Museum,Natural History,Science,Wade Oval,bird,Peregrine Falcon,Falco Peregrinus,immature,Audubon","universitycircle,cleveland,ohio,clevelandmuseumofnaturalhistory,museum,naturalhistory,science,wadeoval,bird,peregrinefalcon,falcoperegrinus,immature,audubon",http://www.flickr.com/photos/cunningba/2755771990/
117951555,1493,0,"ORD,Chicago,Airport,O'Hare,O'Hare Airport,Illinois,USA,United States,America,The United States of America,travel,flying,airplanes,aircraft,airliners,jetliners,planes,jets,American Airlines,AA,ERJ,EMB,ERJ-145,EMB-145,Embraer,N835HK,UA,United,airplane,aircrafts,airliner,plane,jet,aeroplane,aeroplanes,jetliner,avion,les avions,wing,wings,tail,engines,motors,cockpit,fuselage,landing gear,flaps,rudder,nose gear,flugzeug,aeroplano,飞机,飛機,vliegtuig,αεροπλάνο,飛行機,비행기,avião,самолет,aeropuerto,aeroport,luchtvaart,flugzeuge","ord,chicago,airport,ohare,ohareairport,illinois,usa,unitedstates,america,theunitedstatesofamerica,travel,flying,airplanes,aircraft,airliners,jetliners,planes,jets,americanairlines,aa,erj,emb,erj145,emb145,embraer,n835hk,ua,united,airplane,aircrafts,airliner,plane,jet,aeroplane,aeroplanes,jetliner,avion,lesavions,wing,wings,tail,engines,motors,cockpit,fuselage,landinggear,flaps,rudder,nosegear,flugzeug,aeroplano,飞机,飛機,vliegtuig,αεροπλάνο,飛行機,비행기,avião,самолет,aeropuerto,aeroport,luchtvaart,flugzeuge",http://www.flickr.com/photos/caribb/117951555/
2735602518,38,0,"Arsenal,R1150GS,The Gunners,Gooners,BMW Motorcycle,Touring,Motorcycle Touring,Reisen,BMW GS,GS,GS Motorrad,Motorcycle Travel,BMW,BMW Motorcycles,BMW Motorrad,Boxer Twin,Travel,Beemer,Motorcycle on the road,Bayerische Motorrad Werke,German Motorcycle,moto,motocykl","arsenal,r1150gs,thegunners,gooners,bmwmotorcycle,touring,motorcycletouring,reisen,bmwgs,gs,gsmotorrad,motorcycletravel,bmw,bmwmotorcycles,bmwmotorrad,boxertwin,travel,beemer,motorcycleontheroad,bayerischemotorradwerke,germanmotorcycle,moto,motocykl",http://www.flickr.com/photos/pauldevall/2735602518/
